{"title":"AISearchfile012","location":"cityfiles/AISearchfile012.txt","size":"12","matrix":[[0,"32","7","13","15","21","5","30","40","31","9","14"],["32",0,"40","21","3","8","32","25","3","5","16","10"],["7","40",0,"5","9","12","12","20","30","50","21","31"],["13","21","5",0,"9","11","20","6","29","27","25","35"],["15","3","9","9",0,"4","30","10","6","8","15","9"],["21","8","12","11","4",0,"35","7","8","17","14","13"],["5","32","12","20","30","35",0,"50","53","30","6","10"],["30","25","20","6","10","7","50",0,"20","40","32","34"],["40","3","30","29","6","8","53","20",0,"2","15","7"],["31","5","50","27","8","17","30","40","2",0,"15","4"],["9","16","21","25","15","14","6","32","15","15",0,"4"],["14","10","31","35","9","13","10","34","7","4","4",0]],"currentBestA":901239123091209500000,"currentBestB":901239123091209500000,"rawdata":"","rawpos":"","filelocation":"data/AISearchfile012.json"}